total_rooms,population,median_income,median_house_value
1501,629,4.6806,209400
1194,414,3.2396,101900
5640,3538,5.065,215400
2485,1226,5.7083,329500
5308,2852,2.9161,135700
2927,2005,2.2375,102900
3735,1708,4.621,191100
4255,2901,3.2636,180200
2413,2867,4.7639,179900
2747,1281,5.482,366300
2738,1545,5.3446,263300
2089,837,4.6628,459200
1240,577,2.6625,248200
1755,774,5.0861,296700
1462,774,2.5478,91700
1718,756,3.2125,247000
907,619,3.9464,179600
1854,1363,2.6406,156700
3063,2153,1.8472,149100
2064,1384,4.5263,169000
3258,1810,5.1145,219900
3070,1264,5.1626,432700
2181,1057,4.625,118100
5780,2712,5.6445,135500
6907,3665,2.8401,104200
3416,2223,3.5109,186000
1988,1277,2.9414,162200
2205,1730,2.4866,68300
1345,834,3.7011,99500
1478,1976,2.0557,225000
2149,1359,2.824,167900
2597,1542,4.6211,248900
2670,1196,3.8427,283500
2261,929,4.2841,213400
2939,1167,2.3917,79000
30401,13251,4.5841,212300
1493,671,3.2794,224500
2993,1594,4.4821,252400
2700,3444,1.4867,124000
1834,994,3.7266,156500
825,670,1.1638,57900
6788,2866,3.3603,280200
1991,1202,3.1538,252100
4890,1289,2.5795,98700
2327,1304,3.3553,132200
6235,4127,3.0704,151600
4402,2941,3.8565,239800
2391,1886,2.5551,182100
1021,1258,1.7375,48600
1177,1533,2.3981,183300
1724,947,3.1094,91900
2523,1167,3.0625,127400
1397,661,4.125,239600
1802,1009,2.3036,126000
666,247,2.15,131300
1281,534,2.8906,65700
2526,1176,5.5136,137100
2880,2083,2.9619,223400
639,666,3.3017,87500
2920,3580,1.7393,140200
3098,1433,5.2508,292900
8638,3706,5.503,351800
1996,960,3.6611,344200
1142,494,5.0602,298900
1189,627,3.8611,100000
1412,792,2.3056,90400
4686,2254,6.1043,343500
3236,2034,4.0955,174200
10886,4266,2.3169,123400
2062,1285,1.5319,50500
2925,1226,2.5865,133800
1161,882,4.4167,158000
2145,1360,4.2054,150700
3159,1398,3.1467,161100
1794,1127,1.2647,55300
4378,2149,2.5035,123700
3752,1581,6.1091,329400
125,99,3.4375,170000
2305,2493,3.6618,183500
2695,2935,2.0134,132400
4138,1762,3.1979,137500
350,119,1.625,50000
1638,1341,3.0677,167700
1127,588,4.375,224700
1817,948,3.93,390000
2911,1746,1.7372,51000
3003,1530,1.7038,78300
3216,1627,3.0859,167800
2204,1435,3.676,125600
1931,1367,2.575,228400
3679,1820,3.6531,143500
1617,2745,3.5357,67500
8010,3982,4.0905,236500
2937,1454,5.4051,273500
1809,826,2.6518,179800
1400,522,4.9861,500001
495,284,2.8854,55700
14917,8012,5.6277,269800
2415,1278,6.1599,341200
488,161,6.0774,334400
2168,782,3.0187,278100
1290,867,5.5486,218100
2361,915,5.687,392400
3753,1859,4.9946,204600
4545,2188,3.3625,126100
1294,713,1.5433,50400
2138,1682,3.6006,161700
1524,1257,2.6019,250000
3092,1457,5.3377,373800
1885,953,2.1607,61400
1072,1111,1.9233,207100
2746,1779,4.25,166700
2049,2243,2.525,163700
1468,747,3.4643,125000
1430,704,1.9571,162500
1156,1359,2.5147,137100
1246,1031,1.9556,96300
3217,1670,2.4398,163100
2689,1229,3.5909,500001
1434,672,4.875,311700
3024,1323,3.3889,347900
2149,905,2.8841,290800
1079,1358,2.52,131900
2063,1686,1.4828,94800
1962,730,2.25,67500
1697,808,1.3417,169300
6322,2969,4.8233,214000
1239,648,2.0278,58800
1713,761,5.2081,136400
6093,2415,4.2075,183600
1432,749,3.5772,207400
617,251,3.8036,162000
4865,2315,4.2852,173500
2424,974,4.739,184100
1402,676,3.7426,135500
2572,1280,3.5583,232000
948,749,1.962,52700
3268,1431,5.7652,259900
594,325,1.1552,250000
1170,566,5.2522,125300
8482,3362,4.2216,217900
3307,1269,4.3176,136200
7740,4333,3.025,87900
3680,1678,5.0639,201700
720,891,1.8977,100000
8295,3903,5.5111,276600
3679,1366,4.5,151400
5329,2827,2.7374,150000
2303,851,3.9875,346500
1582,868,3.8261,250000
1298,1272,1.6488,117500
1836,767,5.9114,399000
1939,1808,2.2259,112500
1348,643,3.6447,211000
2272,963,5.7245,500000
2534,1495,1.9167,156300
164,104,1.6607,87500
388,35,6.1359,106300
1540,1136,4.3125,243000
2088,908,3.8141,342000
882,697,1.8472,99100
1756,798,5.5581,218300
3665,1470,6.155,398600
1028,317,4.9135,275000
3415,1527,4.0125,84400
1453,721,5.5176,191000
6529,3464,5.3275,168700
1149,583,2.8092,137500
5464,2400,4.711,133500
1469,1285,3.9219,159500
3787,1606,5.5676,174200
1631,862,3.6007,261800
1891,1093,4.0167,165500
64,59,2.2375,450000
1390,874,2.5812,200000
788,413,5.9546,396700
2879,2098,3.5125,142400
931,732,1.7679,142800
2343,2007,5.756,302700
5822,3415,1.6854,64700
1499,755,3.875,258300
2086,1073,4.5526,154400
3328,1455,5.0596,363900
1253,1198,3.5179,225000
634,248,3.8571,143800
2842,1443,2.2727,92700
1118,514,2.4196,346200
2793,1825,2.6724,144500
2605,1110,5.5519,329500
2556,1005,1.6991,69100
3821,2179,3.7821,80400
2358,1065,3.1289,320600
1411,609,1.9375,67700
3904,3688,1.8022,78000
1999,1060,3.7031,167100
1860,1848,2.2891,162500
1744,2034,2.2684,193800
2003,1291,4.0625,201100
2403,1385,4.4934,213800
1407,1526,2.29,121800
1865,973,3.6587,321200
2610,1290,4.1298,222800
1846,2576,2.63,156000
1244,696,3.6369,158700
3811,1930,3.5154,311400
3436,2583,3.5039,232400
2694,1152,3.0806,106700
1608,676,4.6125,361700
1222,630,3.7708,215300
2331,1290,2.5111,55400
2622,1997,3.338,222500
1256,880,2.4233,450000
1013,1083,1.8438,162500
3407,1463,3.0369,500001
1811,911,3.375,149700
1751,1939,1.5394,200000
1502,590,2.5952,190300
3819,1738,5.8718,201400
1467,1316,1.448,72800
6,8,1.625,55000
20982,10329,4.3658,130600
5020,2105,3.8158,248700
7268,3232,3.3703,228700
8275,3636,5.1506,302100
581,298,2.4,255000
2837,2031,4.9271,209700
2844,1613,3.3571,193600
1765,451,2.6083,321900
1051,799,2.712,143800
1254,895,2.1516,187500
2261,3545,2.5224,148500
2970,1117,5,275900
796,740,3.6,156400
3049,2167,2.7969,141700
2885,1227,4.9524,226600
1539,556,3.25,500001
2229,1010,4.1719,206100
198,151,4.5625,100000
2512,1275,4.9375,293000
3400,1383,4.9844,249100
1314,649,2.575,73600
4372,1473,5.1194,247800
10105,6274,2.4497,90900
2141,1053,2.8529,85600
3308,3201,1.7694,73900
686,246,1.7083,77300
1759,837,4.6992,251900
3010,1360,4.2006,290700
3363,1603,4.2542,294100
2236,974,3.2016,97000
2155,866,5.6188,404700
32,26,4.1944,270800
2074,1687,2.0885,73700
202,145,0.8252,42500
4814,3013,3.2369,167800
116,193,3.8125,136300
2696,1208,2.275,122400
1776,1807,1.7276,102300
4595,2849,2.478,185600
2010,1501,2.0417,65900
1726,1371,2.0335,43900
1234,777,1,40000
2020,1341,1.7,69000
1601,731,2.5568,258300
3353,1571,5.273,315600
3707,1938,2.725,95300
1503,715,4.6371,234300
3212,1817,3.3793,92900
9148,4656,3.2447,142200
1814,849,3.1625,364300
1985,1337,4.1071,240900
1351,1427,4.4712,144000
2703,1383,4.5278,340400
2813,1385,2.2202,100000
21113,9842,4.2037,194600
2185,1108,2.2277,78000
1726,1293,4.3849,144100
2033,618,2.5685,80400
2852,1130,4.194,293900
1114,425,2.5625,175000
537,355,2.8571,250000
1191,1193,2.5185,138800
6912,3794,3.0608,168300
715,1394,3.3846,162500
1323,856,3.3594,202200
1274,1362,2.1793,107900
2077,1155,3.1361,84800
1374,709,1.7222,118500
1789,897,5.592,239900
1754,928,4.1417,270800
1628,500,6.083,424000
9664,3617,4.0581,162900
8466,7014,2.1437,113700
3361,1754,5.1098,162300
2201,622,5.0621,386500
568,622,1.8167,79500
2819,1718,3.5547,197600
2084,1077,3.1628,318400
1128,931,2.8,137500
4052,1950,4.0647,240600
3465,2292,3.3553,113500
2753,1592,2.7875,209000
2288,1079,4.5486,361000
3768,2320,2.7685,204500
2577,1172,3.8796,175500
1477,1514,2.5703,178600
2239,784,1.6038,194300
5759,3108,3.0927,140600
2083,1462,2.6439,69100
1776,992,2.8056,82800
2830,1204,6.1273,289600
1589,883,3.5313,187500
1934,2059,3.6765,163600
3243,1585,5.7133,166800
6445,3621,2.5841,112500
2735,1076,3.6154,155700
2473,1271,3.5524,89100
2721,1356,3.0299,73200
3084,1557,5.1582,194700
1484,927,3.6484,189600
2819,1508,4.6118,191700
3493,1481,2.3075,184200
2716,898,2.2536,201200
2306,828,6.1103,301600
2577,1232,2.6012,125600
2404,1531,2.995,124300
4893,3036,2.5212,110000
120,477,1.9125,47500
1504,1267,5.5145,219400
1269,494,3.9615,331300
2157,1009,1.5827,63000
3321,1346,2.4618,101300
4016,2166,3.1884,135400
2017,1024,4.4732,245600
1515,1345,2.375,175000
729,395,1.6875,132000
2697,1369,4.4699,367400
1465,646,4.712,289300
3886,1605,4.4213,182700
1923,2809,1.4191,55100
2053,1258,3.0139,154700
2581,2004,2.6159,182300
678,336,4.4,142500
3585,1511,3.1176,396300
1566,1056,3.5227,105400
4166,2082,4.4107,213400
2355,961,5.3955,282300
3481,1444,3.9,275700
5321,2932,5.8914,237600
914,394,4.6875,246200
3317,1794,1.1835,133300
3335,1500,3.7315,197900
727,467,3.7188,250000
1395,1478,2.5301,192900
1591,1290,1.564,81800
2650,1537,3.4432,106700
1379,750,5.5381,282000
2205,1138,2.8819,208600
2744,1411,4.2639,154200
4885,2175,3.4031,209500
4071,1900,3.2792,220500
976,511,3.6641,80800
5541,2214,5.5777,279300
2496,1062,5.5413,302100
1443,660,3.0125,184400
2739,1312,3.5833,322900
1659,679,5,357900
2389,1672,1.4423,88300
2088,960,4.3333,232900
1987,1095,4.3203,232800
3404,1694,2.9511,282300
2445,983,4.9286,180100
8106,1062,3.0434,137200
1550,638,3.6833,292500
1766,1117,2.0259,168800
1963,2052,1.9076,55800
2257,1418,4.5278,181800
2653,1087,2.3523,325000
2005,882,2.5104,120500
1902,1153,1.9375,112900
2746,1076,5.8635,348700
1406,850,2.3261,114600
1818,1426,3.2104,112500
1955,294,3.9583,126500
1323,684,3.2206,145800
1615,815,3.4609,238800
2349,809,5.552,283900
2840,2606,1.9429,76400
4401,1970,5.8239,247500
1636,1468,3.2219,114700
1989,1015,2.79,226000
3190,1614,3.8398,118200
2507,1232,5.529,241300
2710,1439,5,175200
1654,669,1.965,65400
4198,1943,3.9052,122100
2723,1326,2.3594,66000
3301,2000,1.8594,119200
3422,1763,5.2039,301300
1977,812,3.625,198000
4186,2447,4.9917,248100
1616,700,5.5105,232100
4120,2918,3.3107,69400
3333,1371,2.9083,122400
2340,1141,4.5729,337500
2006,825,3.2963,236100
2959,1125,4.2614,268800
1621,678,2.2437,54200
1080,507,4.5278,166900
4505,1917,4.0144,126600
2622,2778,2.9714,160300
1239,1524,2.0956,154700
3735,1504,5.6304,243100
1992,1006,2.8393,57000
2689,1888,2.2562,94800
3942,1894,5.2894,332800
2533,2011,2.1199,160400
1760,984,3.4167,198200
1141,434,3.9464,186900
2273,1088,2.2532,109400
3661,3816,2.5104,185000
2238,2247,1.6505,125000
859,455,2.3293,215900
3491,1920,2.2241,127300
1758,686,3.1691,259400
3249,2611,1.9423,87800
1493,1571,3.8864,158900
1438,794,1.975,138100
3440,1538,5.5368,325900
12045,5640,4.4375,353000
2242,2052,3.4464,113000
629,568,1.7321,84400
713,880,1.2065,103600
3127,1390,3.9537,172800
6072,4715,3.1353,121400
2433,1565,3.2344,234900
1717,868,3.6094,160700
2099,1845,1.4138,52500
919,724,3.4028,110500
3300,2181,3.016,161800
2256,1057,3.1204,110800
1664,907,2.7667,92900
1091,1418,2.1522,159400
1205,678,2.0182,98400
491,274,4.4286,238600
7353,3571,2.8097,130000
1513,1038,3.0469,82700
2073,1246,2.0417,117100
7290,3960,3.5968,106300
2072,1118,2.8043,262100
1518,831,5.097,188600
1560,709,4.3315,95800
909,646,2.9063,80000
39320,16305,4.9516,153700
8476,2711,2.1848,97900
3474,1679,2.7256,71900
1491,98,1.4205,90000
5178,2557,2.4079,111400
3034,1776,3.1349,230200
3050,1743,3.7413,105300
25,13,0.536,162500
1696,1481,2.0375,122500
4458,2392,4.5938,126500
2103,1167,3.0592,152800
2199,827,6.1349,500001
4487,2609,4.2788,148700
1499,1754,4.3164,143200
952,530,5.0864,175300
1427,693,5.7405,351600
1790,1035,4.0985,173100
1308,2175,3.0824,177400
1908,890,4.575,336000
1516,596,4.3362,159400
5024,1994,4.2237,262300
1897,915,4.1563,172600
3410,1739,5.0714,255600
1553,2271,1.7378,121900
2687,1521,1.7213,61600
4138,2442,4.7804,242000
2909,2614,2.1444,229000
1204,543,1.0278,154200
277,182,2.3958,175000
793,505,1.9667,93800
3404,1656,1.6977,91300
2017,931,5.7664,267500
2527,1344,4.0833,114400
1376,618,5.9771,431800
2038,2037,2.6447,200000
2364,1257,4.6167,273100
3183,1820,2.2321,71800
2033,989,3.2583,181400
789,295,3.7667,95000
1046,486,4.119,110900
3776,1877,5.1365,215000
3813,1513,2.0807,142600
2492,1109,4.3125,164400
598,312,2.625,164300
712,293,4.0119,119400
1305,1384,2.45,186800
1327,784,1.8793,60800
4801,1830,6.0762,487800
785,417,2.3289,58200
2974,1559,3.8825,136800
1542,1256,1.7167,100000
1353,1322,1.8185,97800
4953,1791,5.0346,205100
2131,1132,5.3508,409100
3390,1645,3.7051,253700
2038,1086,4.7375,289600
3842,2490,3.0559,120100
1025,854,2.2596,119400
1661,1201,4,178200
3757,546,3.75,121400
1345,731,4.2333,363300
1130,607,2.4597,93800
1971,917,6.0965,262300
6755,4205,3.9583,163200
15201,7132,5.6756,301800
2868,855,2.7846,91200
1715,1714,1.7132,108200
2827,972,3.2361,500001
2178,1192,2.3339,87100
2099,1500,4.8304,493200
1557,986,2.6613,77700
2372,1647,1.4719,88600
1891,932,4.2759,238000
1090,470,4.9432,118800
3156,2394,3.01,191900
1722,830,4.0536,189000
1128,450,3.3542,154600
1856,899,3.1505,270000
1709,632,1.7868,45500
1985,1085,3.4205,136700
4855,2519,3.0893,205600
1782,1003,2.5398,105700
1153,1043,1.0801,75000
1966,1118,3.8558,122700
1923,1142,4.575,326700
1321,749,1.655,90100
1286,972,0.9513,50400
1521,987,1.9013,86900
2707,1423,4.3235,116900
1802,945,3.4044,115300
896,843,3.5,183000
2813,1345,2.5847,145300
1901,1613,1.8828,44600
4050,2870,3.7366,121800
888,360,2.1944,211500
3845,3102,2.3658,164100
2835,1674,3.129,375000
4289,2707,1.3375,59600
1872,870,3.725,84700
1782,1517,3.3389,157900
1819,1336,3.4583,253200
2914,1500,4.9429,254800
1868,750,4.3833,307600
2264,1403,2.7083,99400
2250,2588,1.9719,134200
1777,4479,1.4653,310000
378,196,3.6806,219400
1208,535,2.3523,94700
2275,2189,1.7542,287500
3914,2147,2.9735,225000
1531,822,4.0469,127400
2225,1544,2.2442,166700
1444,597,3.1395,310000
2696,905,3.1146,373500
3053,1234,5.1637,500001
3185,2444,1.56,67600
2054,934,4.5368,219300
289,191,1.6833,113900
1175,1241,1.2273,98400
1300,688,3.1523,176700
1065,887,3.9375,270500
4133,2023,5.1616,275100
2695,1505,3.0877,329100
682,813,3.8125,138000
692,504,3.6897,101100
1485,867,2.5809,78300
2382,867,5.2598,371500
2928,1633,1.8385,67500
4292,1758,2.9405,340500
957,615,3.0263,162500
3008,1584,3.5465,213200
1546,833,2.8893,185400
2185,1143,1.9784,70700
1694,674,4.1797,486800
13796,6000,3.8776,124500
1084,893,1.6213,69500
1080,524,1.8432,327300
4055,2470,3.8586,136000
483,291,3.0833,256300
1220,1472,1.825,81500
2786,1114,5.8578,266300
1547,1700,2.5488,187500
1651,973,3.4583,240900
4874,5032,2.444,90000
2026,1142,4.392,187600
5743,2651,4.1163,172500
2337,983,3.7174,275000
1762,1132,5.9915,153200
3548,1476,3.7188,163400
1800,874,4.2083,251000
3106,1396,3.1736,122200
956,416,4.6429,223700
2708,988,5.5194,367000
4547,2269,3.7896,98100
1630,4402,1.9792,63000
2383,962,2.2578,263600
1444,2329,3.1691,159400
703,757,2.525,155500
1750,834,2.485,100600
1292,2081,0.9563,275000
1625,533,1.808,58500
1711,1092,1.0714,150000
2607,1401,2.6563,184100
1236,946,2.0536,50000
2159,1283,1.8939,83000
2791,1187,3.2589,103000
7065,3864,4.7472,148600
4572,2346,6.0667,245700
3568,1741,5.1529,259600
2215,1792,2.8375,166500
802,445,4.0446,196300
1052,793,1.6585,92900
2573,1568,3.0208,193700
1197,695,3.4375,157800
3575,1654,5.7409,274100
2969,1594,4.5221,168300
2941,1660,4.5667,271500
1548,815,2.9489,67500
574,321,3.9107,186500
2508,1549,3.2069,236500
4348,2347,4.7275,293000
1488,972,4.055,201900
3046,888,2.6848,74100
1665,721,4.6875,250700
1369,758,4.0341,156500
2702,1136,2.8941,256700
1497,894,3.3066,96300
1602,1553,2.0655,93400
1693,846,5.3683,339400
977,1073,1.0208,86400
9594,5237,5.9684,193300
3012,1288,3.6449,211500
3004,437,3.6667,90000
1395,736,5.6206,386400
992,694,2.5544,162500
1666,479,2.1406,55000
5584,2250,1.5823,72400
1214,504,2.7188,105700
4984,4828,1.6903,350000
1083,557,3.0795,218400
44,23,4.125,212500
4369,3123,2.0571,152300
1800,761,5.1265,196100
943,378,5.1765,344600
2819,1068,4.5461,270800
1523,636,3.0682,412500
1919,1326,4.2679,131900
1336,680,3.815,99000
4223,1747,5.419,267400
3852,1534,5.8596,318700
2460,1784,4.5662,175500
1473,1025,3.8333,170400
7962,2009,3.3897,230200
1869,1834,1.7052,107400
1325,873,2.5833,54400
1845,2191,2.3462,127300
2491,1098,3.075,213500
1252,878,4.2262,228500
786,288,3.5156,218900
806,446,4.5221,151300
882,1248,2.761,120000
264,310,1.4063,61500
3583,1792,5.4842,335300
2478,1346,3.212,70400
2879,1661,2.066,88100
1070,567,2.8603,189000
1301,1189,2.5139,190000
2014,839,4.7446,175400
2285,1211,4.0208,323100
2968,1176,5.0497,191700
1610,670,4.3594,349000
2677,1469,3.2048,261800
614,691,1.6953,81300
2679,1740,1.3679,70300
2655,1466,3.0529,265800
3913,2264,5.2446,258000
2110,1301,2.3173,86500
3724,2536,3.2649,202100
3612,1864,2.7069,153800
919,912,1.5903,165400
1633,837,3.0405,188000
1907,912,5.9567,294300
2989,1596,5.7157,231200
3564,1539,3.675,152400
2293,969,4.4536,184000
3688,1969,2.875,222900
1127,492,2.675,241700
1468,571,3.3906,124200
1616,187,3.7857,78600
14631,7517,1.6785,153100
874,572,1.6833,71000
5818,2324,4.4033,267600
1929,1683,5.5248,235600
2992,676,5.7613,500001
2365,1209,6.0132,259400
714,654,4.5052,170800
7241,4168,4.5714,260300
1991,1306,4.5,166600
411,193,2.5625,146900
2358,1157,3.3618,174600
2545,1548,2.9125,475000
1944,1992,2.066,127200
1729,737,3.5313,68800
3337,1646,5.0195,200200
1797,1033,1.4911,59200
1183,455,5.1071,314100
2507,1227,2.785,72300
1318,567,1.8692,93800
5137,4945,2.4599,181600
1507,931,5.1645,244900
2601,1702,2.08,56600
2027,1781,3.0806,142400
2796,4033,2.4886,160700
2806,2232,0.6775,350000
3536,2007,3,146700
2347,1259,3.4492,264300
1115,1369,3.5694,150500
2319,1125,5.551,266900
1242,1438,2.6607,169300
2867,978,3.1477,291200
3382,1314,3.8125,382100
1932,1053,5.1377,213300
2028,1727,2.8438,157600
2622,1022,3.7647,375000
1784,788,4.2917,189600
2428,1110,3.6719,229800
3920,2814,4.0616,148800
5736,3528,4.3958,130700
6075,2571,5.22,399400
459,276,2.375,198400
2146,2009,3.6583,177300
3596,2416,3.6897,169800
1287,806,3.875,321300
1507,1082,3.225,138200
3013,1361,4.5357,171200
1705,658,5.75,306300
2636,3412,2.8095,118300
2873,1094,1.8015,105100
6348,2559,3.2818,225000
1430,805,3.3462,307000
2532,1564,2.3359,92400
3725,1412,5.7476,248600
1695,719,3.9417,139100
2474,1130,2.8833,83000
1055,718,2.6354,187500
964,623,3.0917,88900
5321,1969,5.0102,340100
1221,682,3.65,155500
794,814,2.2917,112000
1276,799,2.7273,128600
865,537,1.9,110900
2130,1195,1.3631,45500
1578,827,4.8942,194100
2828,986,2.8871,94700
1297,610,1.9441,184400
1524,2030,2.1153,112500
1239,929,3.3625,153400
1072,363,6.1636,367700
1045,632,2.3583,95000
579,218,2.1458,104200
2609,1208,5.4527,227100
1830,922,4.1635,156400
2911,3559,1.9485,146300
2156,1023,2.7875,245000
2568,1696,2.9154,169200
1781,918,3.9286,262700
932,1147,2.7014,156700
2296,902,6.0298,289100
6850,4251,3.6989,93300
100,45,6.1359,212500
4787,2039,5.4063,440900
1635,1347,1.2745,92900
2289,1697,3.4773,226300
1649,1183,3.3625,223700
1908,1195,1.7929,82300
2406,1054,3.8846,215900
3670,1519,4.4081,435200
1627,735,3.6429,317100
4984,2414,2.2937,72300
2361,1472,2.0625,124500
2705,1198,3.7159,168900
1072,639,5.0275,179300
1921,811,2.75,175000
2267,980,3.6,307400
2105,781,2.213,87500
1814,963,4.4519,110500
5805,1919,3.5352,357800
3075,1368,4.6667,130100
2085,748,4.0536,262000
2370,1053,4.1429,380300
1248,1282,3.2031,147600
2657,2274,3.425,281700
5870,1917,5.1998,294100
3958,2456,5.1647,154700
2403,2103,2.7292,193800
1402,654,2.6205,318800
12902,6160,5.7653,325800
2225,2755,2.5547,150400
5180,1639,4.5,222200
2084,868,4.381,86300
4893,4749,1.2065,55600
707,417,2.5139,83400
1933,965,4.6477,142700
226,125,2.9,125000
3114,2959,3.1875,171700
1414,983,4.1767,156600
2142,1140,4.8438,346200
3861,2129,3.676,135000
1650,1124,3.1838,98600
1216,572,5.8418,240300
3426,1512,4.4911,227400
1540,1037,2.2132,138500
596,212,4.2813,81300
1431,1438,2.2756,221400
658,869,1.9338,89400
2160,1694,3.8581,163100
2283,1184,1.2227,76800
2147,1175,4.1974,179300
887,614,2.1528,75500
6854,4131,3.5878,222800
6121,4224,2.3496,68000
2664,1197,5.069,264200
2296,1376,3.7303,188500
1732,1120,4.1492,195700
3573,1540,3.5323,109800
2680,1728,2.535,74800
1547,773,2.9812,148800
2144,985,3.175,118500
5003,4145,2.1389,133400
2253,1382,4.2562,221600
1771,935,4.065,148200
1434,735,1.5,162500
2212,1903,1.9853,101100
1889,1321,3.2574,254400
1323,705,3.1968,151000
2290,1034,3.0104,204200
1784,1255,3.7054,169200
4476,2255,3.925,118500
2298,1246,2.212,132000
877,349,3.4167,339100
1432,862,2.2813,57600
979,546,1.186,67000
964,742,1.2625,43000
3613,2002,1.947,147500
1276,955,2.0096,155700
2584,1869,3.2841,167000
2403,1647,2.6066,80000
1963,1197,3.8929,211000
2027,1425,2.2917,330800
446,182,2.8958,135000
9975,7429,2.6689,192300
1705,2252,2.3421,154200
705,347,3.1912,149600
1215,862,3.7604,158700
865,811,3.8621,165300
2198,1100,4.1098,246600
967,481,5.6611,265600
11827,6640,2.4878,103800
2864,1480,2.9698,93400
1412,901,1.7067,118600
17377,7450,3.2154,259600
1700,930,3.675,213100
3689,1544,3.125,76100
1941,955,4.1339,396400
1276,1502,2.1766,205600
686,614,0.8106,83300
55,65,1.6591,112500
4770,3201,2.681,147700
2346,3842,3.0635,160000
2778,1092,5.2561,121300
2611,482,5.0622,174100
683,459,1.8162,70000
1750,754,2.9137,106000
2151,1047,3.1149,218800
3563,1479,5.9522,438400
3236,1610,4.7568,143500
962,999,3.375,126000
186,41,2.7,58800
10035,6912,2.0943,108300
2622,1027,2.9222,242600
4500,2456,4.5032,168900
1149,499,3.6587,154600
890,555,4.4821,271900
1283,576,3.3333,276800
1984,1099,4.5526,250200
1673,1434,2.0586,40900
1709,719,5.0463,456300
680,995,2.2607,165600
1856,863,4.5833,500001
2647,1254,4.2407,433800
2365,1197,3.7031,227800
2144,860,3.9464,315000
1853,772,2.2574,135800
1546,773,2.9803,115400
1016,465,3.0625,93800
2269,1239,2.0411,100000
1009,614,4.0074,200800
1470,811,2.4559,75600
1210,733,2.806,214600
1665,946,2.0978,155400
4101,2630,4.6607,199800
3044,1306,2.1771,213200
2937,1662,5.8792,255500
3208,1772,2.7434,218800
2678,1540,4.4954,202900
2518,931,5.8393,485300
1917,936,2.7391,140300
3464,2139,4.0668,137500
1827,1507,2.8942,129000
987,551,3.5865,112000
950,426,4.7237,220700
1543,777,4.0927,142600
1458,723,4.2098,174100
1724,934,6.0783,229200
1309,1330,3.4417,182500
4093,2228,5.2523,161300
1540,1079,1.8571,98700
1117,591,3.5909,353100
2246,1190,2.0294,70400
981,736,1.8,60400
3130,2472,2.32,93200
2373,1673,3.0685,181800
2220,894,4.2891,211700
48,13,2.375,71300
3380,2276,4.0727,214000
2216,918,5.5289,297700
918,417,4.2768,151300
2472,1048,4.7097,262100
1115,1742,2.7969,123800
1282,852,1.6354,49000
1141,563,2.3287,130700
621,257,1.7188,109400
1675,744,2.1579,450000
3546,1533,5.276,224500
2902,1652,5.6029,161800
2098,1090,4.45,96200
3544,3323,1.0219,258300
4145,3668,2.5444,275000
6296,3200,4.5357,188400
1013,436,5.1118,226900
815,775,2.2847,190000
3122,1733,3.8307,70600
1006,515,3.2386,112500
240,63,1.4688,53800
1697,1379,1.2746,129700
471,195,3.3333,208300
37,34,1.2,50000
1685,1290,3.4722,112500
2704,1611,2.0243,82300
1671,729,6.1023,450000
911,1005,2.8167,114000
1207,1008,3.3816,262500
1265,755,3.3472,69800
4380,2187,3.9018,182300
1839,752,4.2031,209600
182,71,1.0208,78600
3823,1830,4.2458,450000
8110,3613,6.0609,264900
2162,1208,2.5417,260900
6341,2697,4.8554,206700
1785,779,4.3056,228600
3111,1000,1.5982,140000
1287,1171,1.6118,138500
1869,831,6.148,243900
4863,3010,3.9508,104200
2715,1154,4.8021,290400
4609,2582,4.3429,173900
2384,2073,2.3062,158000
1731,810,5.0391,259800
3167,2098,2.4459,85800
626,572,1.5909,262500
2933,1077,6.1527,500001
2112,1011,4.2222,108900
1648,792,2.4,121500
2365,1053,5.5959,346200
1875,735,5.8659,433300
1984,1078,3.2969,229900
3204,1818,5.2596,171500
2459,1230,3.0978,137200
2347,1135,3.9722,161000
3379,1465,4.0547,236200
7011,4163,2.7659,77500
2131,2045,4,145700
1916,863,1.9274,122300
1819,2110,1.6027,97300
918,394,4.0069,214300
1481,1002,3.6196,163400
1795,1642,2.5363,86300
859,429,4.3098,197900
1321,396,3.1131,77100
1838,1628,1.6452,41500
4304,1960,3.3456,159800
688,575,3.55,111000
2186,908,4.575,225000
1541,880,2.5074,117700
1234,543,2.5156,71900
311,293,1.2902,67500
3153,1544,3.4491,133800
4780,1886,4.4674,500001
6955,3591,3.111,247600
2107,1138,4.4042,159100
5445,3220,1.7567,69500
1779,1061,3.0962,180900
1180,877,2.8125,97300
4769,2019,5.5798,338200
2424,1379,2.6786,184000
2084,1062,2.0057,198200
2952,1264,4.4209,274600
1814,1025,4.425,268400
1519,1262,3.3409,161200
2459,1139,4.0347,353600
2209,1034,4.7125,250900
2851,1287,5.0782,264100
797,484,2.625,191100
2487,1515,4.3039,168500
2280,976,2.71,97800
1446,1286,2.7083,103600
1761,911,2.0331,53200
1898,971,2.4735,89900
2579,1133,4.5577,123300
1521,706,4.4196,121000
1949,868,5.0151,285200
1358,766,1.0353,150000
1062,1058,1.5071,316700
5009,2497,4.25,146300
6422,2755,5.0165,202300
1463,940,2.3333,99800
3136,2013,3.335,69700
1264,783,3.3438,199600
1315,581,5.4024,253000
1070,1070,1.5642,51500
1440,743,5.0866,254600
1271,574,3.1304,340500
2594,3950,2.0348,177200
1147,742,4.0461,153500
2198,984,3.22,156500
2132,1128,5.3107,227100
2369,1546,3.7969,159400
2115,1253,5.1507,207500
2825,1221,5.9544,377200
2820,1511,2.589,242400
4575,2054,6.0571,272400
1582,851,3.45,164100
2967,1387,2.0417,92600
1187,1343,1.875,51700
2305,1978,1.375,100000
3202,1316,5.2888,463800
2155,1082,3.4071,267500
1734,962,4.4777,282500
2007,1513,2.1162,229200
6012,780,3.0043,122100
2869,500,5.0376,500001
7949,3176,4.1099,120100
1056,792,2.6583,142600
500,732,2.7426,103100
1883,774,3.5096,396400
4325,1897,3.3173,247400
1596,1650,4.3687,173500
371,208,3.875,137500
2240,1221,6.0198,289600
3089,1366,4.2885,160300
895,386,3.875,182600
1838,899,5.2145,229200
1171,1479,2.25,90500
22128,10450,6.1287,289600
1839,1302,3.55,214600
2870,1680,3.2301,189900
2338,1003,4.2269,170500
5846,3258,4.7965,160800
2397,1407,2.6641,185200
2629,2721,2.0982,109100
1270,840,1.3904,48100
1984,1071,1.2532,102100
1477,852,3.1786,100600
2998,1606,3.7622,150000
1314,1505,2.319,97200
1777,805,2.8676,212000
21060,9623,4.189,143000
5699,3809,2.8646,221100
2039,875,3.9844,152000
2080,1781,3.6827,215300
848,1428,1.5603,109600
1789,1134,2.32,91300
1682,837,5.2806,400000
1866,2957,1.8295,243800
1260,805,2.6172,88500
7212,4828,2.214,82400
2281,1545,2.5735,130500
1028,904,3.5035,238600
2220,912,1.8914,87800
2526,1423,2.5363,158800
197,331,2.9286,112500
2901,1414,4.6406,118900
1471,995,2.9583,188700
2607,1165,5.1524,373100
2991,1729,3.5139,146800
1388,871,2.1667,193800
2420,2010,2.0817,104600
1359,770,3.4016,234600
3440,1827,4.125,245500
3622,1330,3.3125,425500
4799,1966,2.1182,71300
1672,1059,2.1588,61300
1253,932,2.1635,110400
1600,1803,2.7865,216700
818,494,2.4776,101600
4423,2109,2.6937,111800
9902,7307,2.585,145400
1555,1152,3.375,169600
3615,1571,5.1149,314200
4552,2737,2.25,136300
1653,1003,4.6,203400
4152,2255,4.5096,159500
3323,1527,5.3451,172100
2283,1836,2.8793,118100
1766,869,4.5893,163500
5828,2868,3.7813,143200
3440,1663,3.0278,356300
2248,1644,3.2545,131200
587,730,1.5625,55800
1384,561,2.0242,94600
520,282,2.2857,500001
2255,823,5.7979,415300
4209,2568,5.2882,223100
2782,1092,5.4103,335900
2414,2487,1.0955,62700
2005,909,4.6406,268900
12317,6291,3.5732,146900
4173,2471,3.5052,196000
1840,633,4.9125,383600
3978,2418,5.0142,269900
1467,673,2.7917,90700
1702,1240,2.4091,115500
2386,1176,4.5122,113300
1170,804,1.3889,50200
2050,1302,2.7961,131300
989,691,3.2632,180900
3112,2739,1.6531,118500
504,295,3.5,73500
2402,1197,2.1771,98200
1028,1369,3.3125,144600
2118,1266,1.747,121000
1632,879,6.1237,166000
904,627,2.4167,192900
1958,1146,2.95,148900
1407,1193,1.2989,225000
2024,2028,2.8152,163900
3599,1572,2.234,58600
1337,767,1.6522,53300
2001,836,5.1061,257500
336,586,1.8056,262500
2802,955,5.2359,213300
1383,1185,2.5,207100
1471,1089,5.3057,226400
825,590,4.6333,161200
586,232,5.2077,181300
1214,723,2.5469,87800
1256,682,2.9844,135900
2402,878,4.0217,500001
1724,1016,3.3839,400000
3748,1955,4.2011,108100
1336,1268,2.8202,500001
3449,1754,5.6235,130600
2769,1045,4.1111,158600
2686,2477,3.4427,160800
3262,1411,5.316,398100
3921,1902,3.3616,89600
11181,7817,5.6058,232700
2001,1384,1.9402,62200
1994,1173,4.1875,266400
5322,3011,5.5936,386800
3264,2919,2.3674,500001
1656,817,5.5675,215900
2485,1072,6.0878,430200
3676,1572,4.8214,201900
6346,1769,2.6864,283600
2598,2869,2.1377,142300
10395,6295,4.7295,149900
680,354,4.0333,161500
2178,1545,2.5863,112200
786,573,2.2321,37500
1884,1915,2.3783,166700
653,827,1.9236,64400
4022,2334,3.0305,140600
869,406,4.0313,253800
3327,2683,2.3784,185400
2080,1082,2.5495,98300
2688,1064,4.4583,308600
2394,1166,2.7317,264700
1241,612,2.8194,81300
985,621,1.3125,60900
2070,784,4.0417,182800
3403,2829,4.775,191900
7184,4862,2.4492,103800
2064,1055,2.8711,329600
3951,1392,5.1439,414000
2914,1562,2.5259,240200
418,401,1.7206,82100
2502,981,4.3,275000
1091,539,1.8696,61500
2219,1107,2.5523,387500
2834,1815,4.7357,162500
1791,679,2.1458,130300
2025,2189,2.6083,148600
928,1108,3.4323,144600
4003,2785,4.1213,252100
1902,848,2.9621,175000
1566,1032,2.2105,180400
779,861,1.0625,89800
4374,1020,2.6071,89000
2467,1567,2.6536,84700
2315,1360,2.9861,218600
2106,743,5.2909,500001
1467,688,5.2536,191900
1298,793,3.0721,83800
1283,684,2.3203,163500
2289,982,4.5757,162500
2621,1063,3.9848,409700
2768,1182,3.7162,201200
60,46,4.35,67500
178,152,0.4999,82500
6379,1350,1.6336,124500
1423,822,2.4519,98100
2707,1200,4.9861,133500
997,531,4.7773,400000
1157,677,2.8594,127200
1634,939,3.8625,232300
1724,838,4.4831,253900
2662,1275,6.0162,318500
1373,677,2.5486,161100
2294,1306,3.0347,227200
2364,968,3.4906,93300
2714,1438,3.6031,275000
696,913,1.4,52500
856,571,3.1458,130600
41,94,1.375,55000
1484,1296,2.4219,65800
4193,2487,3.7188,293000
1701,680,3.1375,192100
2578,2082,1.7159,62200
18,5,0.536,275000
5811,3215,4.4107,223500
3119,1459,5.0434,340400
5829,2711,1.9707,107900
1969,977,3.8462,231300
1688,1663,4.0609,171300
2076,1904,1.4773,160800
1843,1207,2.4821,111000
3058,1475,4.4625,253500
3058,1377,6.1299,500001
1173,602,5.5787,142000
4985,2517,2.0674,65000
4274,2240,5.4218,233900
510,545,1.8008,86500
1608,792,3.1583,239200
2063,1892,1.7301,202300
1025,263,3.12,155000
50,20,2.625,137500
5580,3842,3.6512,168500
1868,898,3.1814,78900
3065,2204,3.8456,211800
779,364,2.5,59200
1232,1086,1.6389,114300
1799,1088,2.975,244500
2232,1072,4.245,214500
1609,1064,1.1125,206300
1637,753,3.2891,93100
2077,1454,2.0074,57000
1390,1666,3.3056,156800
2970,1869,4.3636,201800
2095,860,3.6838,145700
1547,1024,2.0562,102000
1847,1030,4.9271,155300
833,652,2.2417,87900
730,335,3.5078,362500
6538,2928,5.3006,221400
2019,1549,4.6111,223000
2178,2379,1.9766,108000
912,842,1.4766,52800
1461,800,3.2279,182400
1932,886,5.0855,232200
1853,945,5.0787,219200
1748,808,2.9183,76900
6565,3079,4.7515,295600
3171,1591,2.0786,88600
1950,870,3.1875,500001
3099,1447,4.0132,141200
1390,887,5.0897,189000
2038,947,5.1178,198000
4913,2518,1.4665,61100
8517,4508,3.1853,129600
3108,1687,4.3333,170800
3338,1373,3.67,160100
2063,1045,2.5035,153200
2948,1181,6.0604,247900
3035,1597,3.6036,143500
1905,1258,3.33,127900
2174,1304,3.1429,286500
3550,3738,3.191,271200
3065,1440,3.2368,129200
1565,826,5.2035,485700
4620,2672,3.699,237500
1683,873,4.7069,176900
3455,1704,4.0154,225700
1731,1269,2.3654,107900
1161,630,3.3438,333300
1060,496,2.5781,104800
2079,2022,1.5464,54100
2240,2254,2.3317,172500
3241,1592,2.4952,181800
2488,2891,2.3169,68900
1834,1198,2.225,81600
1387,1240,1.6898,95100
569,542,2.1875,187500
2683,1154,5.8625,109400
1939,968,3.1848,112700
2183,1445,3.6667,210900
2403,890,3,120800
2059,2033,1.9028,217900
1472,670,2.2407,76000
1198,1019,3.0509,82700
778,933,2.7292,143800
5934,2756,1.5758,108300
2536,2625,3.0909,150900
2369,1252,2.9883,296100
1565,759,2.6726,153100
2782,1219,5.0779,333900
4296,1732,4.8036,188300
3481,1660,5.7965,228200
1649,1332,3.1004,257100
383,487,3.975,162500
2370,1488,2.7361,83300
2352,1316,2.2292,57400
4822,2288,4.2281,206000
1709,1939,1.9808,139100
1438,1054,1.8319,55400
2831,3649,1.9668,152100
1282,451,3.2917,97900
3869,2086,2.6065,154900
388,248,5.1664,326700
1433,877,4.7891,184800
1616,866,3.6435,119100
2518,3051,1.7199,175000
1885,771,5.6402,228600
1159,523,2.7232,123200
2387,863,2.8882,137500
5132,2156,5.6511,404800
3385,1571,4.2254,320900
4328,2243,5.5702,342600
775,315,5.0677,233300
1146,672,3.1667,300000
2704,1047,4.4211,462900
2226,2230,2.9167,129300
1504,584,3.4792,94600
1105,816,1.9375,64100
1613,1227,3.1667,145700
2828,1313,4.5987,363800
992,334,3.0089,134400
1105,971,3.1667,113900
2343,1166,6,233100
1563,883,2.8182,90500
2227,956,2.0217,187500
1595,1181,3.4,155500
2924,1492,2.775,291700
2684,1395,3.9097,323800
524,215,1.5455,55000
3184,1121,5.6383,377000
328,391,4.1167,87500
2223,2008,3.0777,160800
2885,1509,3.1795,125600
3694,1297,3.6492,158900
1462,821,2.599,362200
1159,810,2.7787,56000
1471,2272,2.5385,160900
6955,2803,3.089,141400
2775,1226,3.6707,231400
14058,8997,5.0704,226200
2056,933,2.7051,193800
1707,1335,2.7543,177800
2180,2464,1.5521,90100
483,389,2.1859,143800
3507,3740,2.0162,142000
3568,1714,4.0862,162700
2038,2007,2.5701,266700
3462,1902,3.402,279900
580,320,4.2054,130600
1649,993,4.8526,170700
3004,5477,2.8342,187200
2634,1454,3.7976,275000
2396,1781,1.8819,58000
3196,1581,5.9333,229400
1006,462,3.1042,152000
1396,940,1.5208,70300
9798,4583,5.0159,189600
2938,1519,4.5594,204200
2447,1312,3.5909,279400
1515,1178,1.4432,48100
1801,1071,3.6,194500
2850,2160,5.5336,241900
567,272,1.625,187500
5756,4031,3.2448,221200
2589,945,5.2519,376600
3266,1222,5.37,275400
2542,1720,3.8703,137000
513,1204,1.4904,275000
1519,846,2.7792,85300
1116,662,5.7309,177900
1138,878,2.0625,134400
1271,573,4.9312,240200
2487,980,3.5506,187500
3595,1839,2.6014,150300
1067,499,4.6389,183800
2793,1279,3.4667,160900
2723,1150,3.5885,191900
1324,799,4.5234,192200
2242,921,4.0429,500001
3189,2221,2.1046,114000
2663,1499,5.7837,258000
4587,2233,3.2371,94500
1947,925,2.1658,57600
1545,730,4.5112,139000
2634,1402,3.8897,175700
1704,781,5.6605,224400
2449,1217,3.6646,109900
2606,1228,2.5764,150000
2863,715,2.6048,148200
1376,687,3.5403,195400
886,505,3.5938,125400
1927,810,1.6369,86500
2739,1171,4.8155,162900
2752,1211,5.0526,269800
2514,2205,3.3859,158000
90,36,0.8054,60000
2491,1171,5.1021,202800
1201,840,2.7917,105600
5221,2597,4.6076,204000
4694,2223,4.9485,231800
2591,3243,2.1766,108500
1577,880,4.6327,116000
4409,3068,2.2808,154700
2219,1219,4.2614,267100
1326,1771,3.0147,218100
1468,721,3.0817,118800
2692,1263,3.0216,86400
3616,2131,3.2879,95500
963,1194,2.1806,134900
901,698,4.6648,156100
5783,4518,1.724,225000
1720,850,3.2027,128600
2741,2924,1.3274,218800
2795,1869,2.1767,101800
5693,2334,2.2844,170500
2698,1953,1.2222,107200
2345,1439,2.8448,268900
2666,2030,2.5432,180900
2878,1727,1.7179,132000
1302,1244,2.2054,66400
2522,616,3.875,198100
1461,739,3.4375,252600
907,463,2.2292,92000
1036,656,4.1902,235000
1462,1208,2.2604,68100
1719,836,4.4375,193500
1955,804,4.9485,202300
1832,1056,4.0658,175100
796,697,2.037,92600
2646,1128,3.0718,266700
5268,2357,3.9226,148700
1821,1397,2.5833,187500
9885,5372,3.4821,127100
4255,2129,4.5185,142500
5751,2230,4.3458,407500
912,705,2.6402,185700
3814,1881,4.4722,215600
3182,1525,3.8108,90400
866,502,2.4798,101500
2573,1238,2.6708,109700
2545,1287,5.5,282200
4538,1996,5.4609,263600
2647,2045,2.273,62900
1060,667,4.1739,169600
1903,1919,2.6336,174300
32,14,2.1875,225000
2751,1432,5.2067,221200
1846,1581,3.0982,111300
9071,4558,5.542,197500
2641,2413,2.8169,165100
2587,1219,4.4271,382100
185,85,4.875,250000
2342,1191,4,171000
1974,965,2.905,159300
1809,1094,2.767,143000
1918,1392,4.087,134800
1665,826,1.5625,66800
6356,4052,2.9112,121700
4000,1999,4.7245,273600
1655,1201,1.7344,145800
1040,1040,2.5395,139200
1799,1239,3.9219,189600
1175,1593,2.3438,213300
1481,757,3.235,210700
2200,1045,2.6042,116700
2465,1172,1.9722,116100
2749,1195,3.0391,139700
1151,727,4.1719,187000
3430,1601,5.6825,264600
1430,434,1.9417,76100
4225,1795,2.2847,247000
1458,1115,4.7955,158100
1678,971,1.0398,62100
2789,1156,5.4322,391000
935,649,2.5769,94400
102,35,2.25,175000
1526,790,2.4342,125000
380,398,4.7222,208300
2169,3036,2.3125,148500
2190,1154,3.8456,159800
2790,1386,3.1908,194300
4789,3134,2.1782,58400
1382,685,5.125,211700
706,399,3.0089,166700
1555,1571,4.0529,138200
1239,764,3.0156,103000
5393,2133,4.1612,232800
1453,896,3.4861,112500
2817,1089,3.1364,123500
1937,742,5.1991,369400
1684,1052,2.0809,95800
4345,1987,2.8233,310000
3337,1288,5.04,253700
2062,1134,4.4881,218900
3284,1832,5.2773,250800
2724,2213,3.8529,147700
2121,913,5.9328,255900
1807,883,5.0357,329800
1471,1207,4,165500
36,35,1.625,175000
1642,1432,1.9063,300000
4496,2044,3.2778,148800
4506,1980,4.0156,500001
1417,1615,1.3867,193800
2769,1201,3.6641,386100
966,233,1.9667,450000
935,711,2.4375,101900
2170,1425,2.0133,78300
1436,662,3.625,329400
1586,338,1.2132,30000
1898,978,3.2708,155200
2976,1424,4.267,210300
1757,905,3.4103,90900
2921,1838,2.2393,117000
2602,2780,2.7155,149800
1508,1138,4.0234,266500
4217,3298,1.9152,122300
3145,1352,5.0976,469800
2410,1091,1.2209,87900
1331,580,3.975,500001
1440,808,2.3013,26600
1511,892,1.7898,63500
2447,1573,2.6429,125400
1166,584,3.6667,244400
2104,960,2.4,177000
1999,1846,1.9145,225000
1355,1427,1.3444,45600
1970,1269,4.064,201200
2975,1453,3.527,318900
1561,1104,3.375,201900
2962,1364,4.9042,343500
1026,1316,1.7708,102600
4379,2055,3.7652,133500
4979,2575,3.7958,152500
1229,1035,3.5455,180000
673,539,2.3523,66000
737,362,5.1788,270000
1785,1033,4.5739,190500
3193,1750,4.1375,128300
2332,3155,2.2612,230400
2140,990,6.035,438800
979,723,2.5926,72300
4324,1844,3.0777,263800
3214,1700,4.6944,248200
1166,976,1.95,84800
6305,2597,4.0197,132200
3061,2396,4.6326,195200
9911,5145,3.4237,113700
1548,811,5.2037,242200
3027,2199,2.6445,62000
2072,908,6.0928,327300
3090,1588,3.6118,124700
1080,719,4.2679,175800
335,154,2.0694,175000
7518,3827,5.1701,216800
1268,700,5.0605,216200
2011,855,1.125,233300
949,497,2.75,225000
661,131,0.4999,56700
2063,1573,3.2,157100
1820,899,4.918,225200
8403,3962,5.2174,155500
3921,1895,5.0092,238700
621,443,2.3333,122800
2261,2496,1.5556,98500
2081,1005,1.9954,92900
542,442,2.25,333300
1397,555,2.983,202700
1479,1057,2.2538,162500
1892,1175,1.9939,65800
6756,4429,4.7589,178200
1047,651,1.712,82100
66,30,2.375,275000
2299,1049,3.6458,208100
2551,1165,4.3587,196400
4266,2766,2.8175,135200
2784,1534,3.38,285400
1832,1186,1.2434,98400
926,451,4.0221,173300
3417,2521,3.02,158900
2000,833,5.7709,190300
1705,2212,2.325,161500
1562,692,1.4048,200000
2004,843,3.59,230600
1481,747,4.4286,262100
910,370,1.7448,80100
2839,1413,4.1667,271200
1480,796,4.3971,205700
2387,1051,4.4595,152700
1271,1076,2.9911,263900
2686,1553,3.7857,112700
1852,866,5.6139,279500
631,744,2.7054,162500
4273,2328,3.3444,183900
844,560,1.75,75000
1252,844,2.3929,111900
1320,1405,2.4375,114000
791,501,3.3542,178100
1681,964,4.108,181200
964,613,2.9119,228900
2719,930,2.0154,81700
569,509,0.9196,137500
2065,1029,3.7318,327700
1590,949,1.9028,127900
2388,1461,3.1711,215400
1384,1825,1.4178,145500
1625,1243,1.3971,89800
2755,2046,5.2034,212400
2573,1898,5.6651,204100
1970,1036,3.2083,122800
3024,2357,3.3125,191800
3044,1456,2.4567,140000
975,1068,0.9889,87500
3353,1417,5.1721,237100
959,353,4.5,173300
2250,1218,4.1812,93700
1362,709,4.4271,336200
1279,534,3.1429,231600
1372,774,3.6618,187300
1601,731,4.2026,259800
1489,774,3.275,103500
14014,7205,6.0824,273500
2899,1356,4.87,220900
1155,814,3.875,148500
2556,1202,3.8899,348500
1642,1146,5.2088,231400
4841,2656,6.0573,254500
898,470,2.6897,148300
1858,1054,3.5625,211600
1672,704,5.1129,251300
2612,1682,3.6417,204300
6483,3526,5.0838,248200
3983,1568,4.6458,213400
3103,3061,1.3729,110300
2459,584,3.01,163500
2610,2296,2.274,150800
1255,902,1.5812,94000
9893,7228,3.253,186700
4510,3985,2.6884,204600
2517,1324,3.0938,189400
1480,202,3.9375,213200
3639,1489,4.6197,387500
1862,872,3.2981,222700
13553,6544,3.9727,132700
1867,1213,4.8214,186000
2106,1141,3.1129,149300
1109,1119,2.3056,200000
1538,669,3.3281,170200
2237,938,4.7105,500001
1755,882,4.59,166600
2227,1129,2.319,59100
1625,1134,4.5595,164900
1503,652,3.6937,99300
1076,1535,2.7026,145000
1409,633,3.5568,191200
1444,792,4.9079,273800
217,531,1.6607,137500
2819,1258,4.4777,452800
1096,569,4.475,182300
1858,790,4.5156,339300
2299,1300,1.6435,148500
2426,1319,4.8125,224500
2426,1505,1.6444,103400
2135,566,2.6902,212500
3090,1621,4.0806,189200
3720,1304,2.6921,97500
3152,3490,2.725,450000
9728,3026,5.8758,500001
1583,1481,3.7,176000
2113,1365,4.6484,234600
3215,2041,1.0585,45100
2267,1045,4.1146,272200
2108,1299,3.1406,316200
11544,6296,4.4904,150400
88,119,1.725,67500
3269,1595,2.2336,112700
3219,1479,4.1473,354400
4001,1886,3.3239,350000
2323,1847,1.8316,113500
2922,1130,5.451,341800
2604,988,3.6667,123100
1827,881,4.6696,164300
1966,2028,1.625,101500
589,375,3.3897,222700
6001,2654,4.5878,291000
2470,1386,5.2736,179500
3531,1505,5.5228,275300
300,154,4.0909,108300
2633,1313,4.0909,232900
2374,1087,3.5,275700
1193,1880,2.1806,180000
2181,1133,5.7214,259400
1333,730,3.06,106000
2539,1308,2.6777,146400
1191,537,3.5375,96700
2422,2120,1.0617,92400
1883,999,5.193,172100
1820,601,2.6129,137000
2787,2647,2.2765,98100
1730,1724,2.7308,150400
3426,2261,2.888,246400
2370,1524,5.0201,264100
3639,2362,3.0042,103900
4888,1698,4.8304,500001
1910,1001,4.8173,115800
1973,774,4.4122,282300
2969,1555,3.25,107100
834,392,4.5179,218800
2226,859,1.6821,69400
2053,1496,3.6546,186200
24121,4176,3.3799,239300
1750,764,2.9191,111800
3114,3157,1.7083,82200
1835,777,3.7159,315400
2103,1019,2.9911,119700
4021,1488,5.32,219500
1623,781,1.869,56000
2919,1711,3.875,140300
4148,3220,3.3389,187100
2433,1466,3.0437,110800
1680,931,2.7336,89200
1785,965,2.0792,160000
2677,1144,4.3889,378000
3819,1505,3.1719,183500
814,773,2.5313,156900
2173,1460,4.2614,169600
3349,1822,4.7216,227000
1584,799,5.0322,435000
608,281,2.9306,70000
1583,704,2.1042,268300
1890,859,4.5658,500001
4363,2410,5.4824,179700
2413,805,2.7857,77400
3854,1835,3.5294,323900
1425,753,3.7813,87300
2050,957,3.5603,210000
1213,529,5.6629,234000
1182,1029,2.0577,214600
1106,790,1.8523,59700
107,167,0.7917,22500
1781,663,4.7,293800
1409,981,2.7951,199300
1813,1501,1.9125,238000
1504,749,3.2,134500
1875,1027,3.5769,103800
2178,914,2.7656,239500
3519,1459,4.2792,123800
2695,1098,5.3972,362300
3017,1423,5.6163,248400
2064,2140,2.2254,127100
7418,2713,5.0867,500001
1564,517,2.1542,83800
1657,2071,2.1135,152500
699,460,2.7443,94200
1762,855,1.6767,81300
1428,825,4.7222,239600
1802,2096,2.3542,97900
1475,736,3.6591,105100
1235,481,3.6875,492300
834,603,3.7321,167500
1413,1200,3.5125,169300
321,214,3.175,101600
5928,2697,3.4872,141400
2422,1010,5.6494,376200
768,392,1.7719,82500
5329,3469,2.0096,130000
6190,3615,4.4034,133200
677,1143,2.3864,350000
2208,1423,3.5915,305600
5395,981,2.6094,92400
2175,809,4.5398,442000
2374,884,4.5042,206400
2084,1410,1.5321,48300
812,374,2.7891,73500
2309,1047,2.9886,87500
5956,3571,3.1864,272800
778,850,2.5119,180500
1730,994,3.7277,500001
1040,1083,1.6467,90900
3420,1301,4.0417,173800
883,726,0.9809,121400
2313,779,2.5639,123000
3538,1603,2.9449,95600
1566,981,4.0234,111900
3058,3953,1.8156,218800
3038,1463,3.944,172500
3712,1888,3.6875,209600
2699,2086,2.2974,84500
1428,890,5.8722,204800
2187,1339,2.0395,67900
1206,537,3.3611,79800
2798,1236,4.8667,239900
2462,1821,3.5646,162600
3065,2042,2.7593,194800
1170,701,1.6098,87500
3780,1435,4.3158,500001
2741,2449,3.6944,175200
4879,1777,5.9055,477300
2546,1683,4.7426,160600
4280,1486,5.0359,224100
1705,856,3.7262,211800
2875,1608,3.5489,106400
1583,933,2.4063,70700
2831,1279,2.9896,252700
1718,826,2.7014,133700
1530,728,5.1005,266700
2996,2169,4.3438,209700
6257,2795,2.2094,83700
1152,519,3.053,500001
3018,1614,3.4722,127000
1690,833,1.439,140600
4420,1790,6.142,394700
1505,835,3.8029,205400
1275,451,4.7321,422400
1189,891,2.5536,50500
689,355,1.7333,70000
2679,1605,3.5313,213200
745,721,1.875,102900
3781,2044,3.0943,97100
1745,1547,2.85,219000
1851,770,5.6093,244400
4219,3549,1.2387,212800
2261,1348,1.9125,97200
1672,838,4.1419,291500
291,124,5.6945,154200
1649,746,4.6293,356500
1908,1271,2.5885,136200
2076,1641,2.2326,149200
1110,602,2.5887,144400
1591,1818,4.2969,145800
2998,970,5.5385,431800
1577,844,3.0625,69400
1402,1976,2.6964,163200
2024,756,4.072,270100
6875,2889,4.6932,356100
5509,2591,3.8456,500001
5478,3062,3.4118,341100
1317,655,4.3611,329700
2726,1513,3.7917,197400
2002,913,4.5446,244700
2305,2450,1.7143,132000
2584,1087,4.4,391300
1350,707,2.8846,211300
840,1338,2.3333,241700
3228,1666,4.5707,175900
2990,1280,2.625,68200
2662,1132,4.0057,241600
1651,947,1.6806,141700
1950,1125,3.1111,119300
2837,1454,4.5272,221000
3014,1424,3.0729,105100
1327,1069,3.3977,153800
2003,1172,6.0394,321600
1838,1203,1.6797,60700
1821,1385,2.5101,95300
1995,1202,3.5875,250000
5411,2243,4.3148,240700
1728,897,3.4896,185900
1429,702,4.3625,111800
1282,494,5.618,365900
1295,534,3.9519,98900
1723,1664,1.9323,161100
1139,623,2.2833,85800
9531,3798,5.6512,314000
1439,804,3.9808,188600
1125,356,6.1593,344000
1410,677,3.2596,272400
606,531,1.5809,70000
1335,485,4.1731,352100
968,434,2.5333,239300
3082,1590,4.5167,319000
720,359,2.5313,61300
3275,1538,2.48,135600
2589,1284,5.1008,247100
2769,994,5.5902,417000
3384,2626,3.2285,234800
1651,707,5.6482,294800
1476,1086,2.4632,111700
1975,1116,4.2898,251600
1541,791,4.425,204800
1494,618,5.4035,356300
2307,1218,3.4306,194200
2645,1660,0.6991,89500
769,498,4.7159,182100
2516,1128,5.0114,338600
897,263,6.1288,350000
2206,1194,1.9531,227800
2714,1389,5.7385,240400
1911,1407,2.7647,163000
5404,2338,6.0577,451800
21,21,2.375,175000
9831,4644,3.1142,112600
1604,1581,1.7656,96700
4934,2668,5.748,284200
4530,1804,3.3942,72100
2103,923,5.0553,111100
1565,950,5.8399,220600
1410,879,3.1908,255600
3661,1608,5.0774,407200
4784,1810,2.4375,108900
2079,1379,5.103,207000
1715,1740,2.7019,153300
2609,1055,3.3177,309400
3874,1672,6.1481,274600
7085,3084,4.997,142900
2197,944,3.7312,319400
1387,664,3.0278,96800
2955,1417,2.7628,167800
1686,737,2.3,189200
2696,1059,1.8176,160900
3223,1763,5.2887,183000
2367,891,4.1477,500001
1422,702,3.6204,119800
3915,1768,2.375,79800
6277,3025,4.0653,234200
3110,1557,1.9937,367100
2470,1174,2.9861,160900
2316,1938,1.25,97400
2774,1076,5.296,500001
1126,999,0.5495,91700
1577,836,3.5893,206600
1218,1292,1.5781,102900
2281,1226,5.4193,259500
3247,1459,4.3981,202800
2791,1395,2.5625,62700
2619,922,4.6042,251900
3936,1935,4.5625,231200
2127,1532,2.7348,231300
1614,846,2.83,43000
2171,3002,2.375,139700
3297,1554,2.6847,111300
1113,689,3.0486,83600
3057,2223,2.0745,332500
3260,3260,0.9,500001
3292,1911,3.89,140300
3331,1903,3.6974,122000
1317,1025,1.4024,51000
3418,1583,3.6133,196100
1388,513,6.1309,411600
5477,2863,1.845,237500
5460,2645,4.835,230600
4400,1476,5,248900
1975,1528,3.8625,218300
619,636,2.5083,118100
854,645,2.1471,239300
2497,1357,4.5909,241800
2077,816,5.2078,440500
1755,674,5.1602,231200
1148,975,4.037,173300
1577,764,4.1563,320800
2745,1161,3.9044,436400
1852,1615,3.495,217800
1621,635,2.5202,244000
1858,701,3.8269,270700
1925,1405,2.162,51900
497,547,2.2083,146300
2342,1367,4.1167,215500
2809,1260,3.2353,252900
1345,749,2.8007,210900
5643,3166,3.2077,93300
3113,1508,2.8167,96100
524,302,2.6146,81300
3983,1582,3.5147,313900
2692,1674,2.6763,191100
1177,181,2.3558,134700
3119,786,3.0806,118500
4409,1875,5.543,286400
2492,1202,2.7857,150300
2427,1178,5.9629,352700
1678,666,2.9653,94900
2739,1481,4.5655,176600
1584,846,3.375,156300
1420,640,2.9306,360300
790,365,2.1912,115200
1704,1336,2.8167,183500
1295,1156,3.5,154300
2982,1317,3.3776,283200
9528,3922,4.7612,304100
1643,1134,5.1769,133000
5762,3979,3.6953,192600
1331,1144,1.5326,90600
2644,1211,3.0445,214800
6160,2997,4.6187,205000
851,1326,2.8289,117500
2323,1301,2.7864,300000
1422,1640,1.6122,157100
2110,816,3.9079,370000
1518,1086,4.32,196900
3079,1562,5.1041,172900
742,729,3.055,105400
822,627,3.4583,166300
1476,777,3.5179,165500
686,348,3.9306,93800
752,524,2.25,50000
3047,1427,3.4883,337200
1505,857,4.5,184200
2121,1991,2.9094,152200
1427,772,2.2262,64500
1368,1940,3.0789,350000
2024,907,5.4127,392800
923,352,4.5724,84500
1362,776,3.1287,102000
1049,428,4.3571,287500
1819,1068,3.625,270700
1307,967,2.75,178300
9610,4723,4.0393,156800
986,1439,2.39,183300
4303,2240,3.7807,110900
5258,3780,2.025,85700
1592,920,3.96,272200
5904,2616,5.9039,355300
736,564,2.4167,58300
1502,1844,1.9405,152500
1941,1204,3.0417,113700
1261,2309,1.6184,225000
6403,3327,4.4871,137900
3592,1907,3.6708,197900
3165,1351,4.605,263300
7401,2826,4.1386,177300
2176,1117,3.8681,188600
1232,667,1.8288,32500
1461,1494,2.8056,173200
3127,1345,1.5774,58000
3376,1513,3.101,238200
894,925,2.6042,145000
1087,3337,1.4012,175000
3891,1848,3.6639,248100
1711,1896,1.6557,65400
1566,785,2.5,116100
2165,1067,2.9293,350000
1864,894,3.4028,171800
2931,1954,3.2917,224700
1869,1074,2.5988,135600
1492,736,1.7155,108800
524,329,1.7188,112500
7828,3303,3.6171,318300
2175,1019,4.793,470800
2095,941,5.761,259600
1605,743,2.5368,240000
2508,1035,2.6513,72300
3430,1840,2.9821,162000
3631,2585,3.0691,130400
1425,838,3.9732,188400
3375,1760,2.7028,92000
2228,1159,4.8906,228900
1667,928,1.8783,118200
2016,1083,5.1727,230200
4314,1662,5.0997,170100
151,380,1.4224,189600
3349,2029,2.9647,88800
1019,501,2.5259,81300
3403,1540,3.6354,162900
1951,1362,3,163200
3605,3637,2.6328,160700
3888,1830,1.8238,158600
2207,2232,2.375,98500
2375,863,3.0086,126900
3457,1327,3.6597,252300
1016,729,4.3,151300
5024,3208,3.6025,116400
2388,1078,3.5221,443300
1887,795,3.25,159600
4051,1499,4.8711,286600
1430,872,4.0833,141000
690,316,3.7813,209100
6248,3795,4.1264,124600
5998,3182,5.2692,174800
2417,973,3.0568,85600
517,391,4.0682,156900
1972,1029,3.7337,209000
4683,3073,3.0495,98300
847,733,5.2149,201900
859,541,1.6838,57900
300,160,2.1786,120800
2171,1527,2.3011,57500
2358,2302,1.9688,53900
2987,1821,4.8889,138900
1042,650,3.1,84200
9018,4438,4.988,263700
5015,3900,1.2269,181900
2355,1248,5.9714,332500
729,431,4.2188,131300
952,321,1.5208,89000
2590,1093,3.9375,341200
1871,2595,2.0044,212500
2930,1648,2.6458,372200
2647,1459,3.4474,253400
3940,2140,3.0357,91300
2349,1266,4.9688,233100
1793,1303,3.0759,123700
2467,1433,1.8571,53500
5544,3008,5.322,282700
921,368,6.0842,261100
5236,2725,3.775,93400
530,398,4.2031,212500
1189,445,4.8824,396400
2451,2536,2.3098,173100
978,462,3.625,156300
2295,1543,2.3851,194100
2663,1403,4.2667,410200
3281,2385,2.7308,173800
2116,1109,2.535,174000
3461,1518,3.5684,78700
1926,917,3.3889,68500
828,446,4.4375,327600
3910,2097,3.8247,208700
2386,1101,4.6908,218200
8414,5146,3.2794,92500
1809,2051,1.8144,49800
2082,1396,3.25,185300
1139,772,4.375,204700
1499,1237,3.9333,162300
1172,685,3.1442,130300
1471,1418,1.7432,42500
2104,1578,3.0833,88400
3305,2085,2.6641,168200
2023,649,4.7396,441700
6988,2044,2.4308,90600
2162,1048,2.6797,81800
1452,897,4.1319,322700
4489,2867,4.806,279700
1808,968,3.7067,175000
1808,758,2.0062,92000
1788,1652,2.6858,62400
996,731,2.2697,127000
2231,940,5.4165,435100
1912,1002,3.0375,126300
2029,1327,4.1836,164300
3757,1291,5.2001,235600
470,522,2.0368,243800
1736,638,2.5517,147100
1545,788,4.5469,500001
1185,588,5.0832,196900
1368,2312,2.5599,151400
2015,746,1.7153,77100
2614,1275,3.4464,122900
4133,1691,5.1097,288000
764,366,3.375,103100
2648,1160,5.9357,207400
6909,2974,3.6875,353900
6146,2821,4.67,127600
1651,633,4.2802,194800
2174,1030,3.5707,341700
3064,1704,3.9329,170900
2874,3078,1.8843,55200
431,239,3.3182,282100
1422,1057,2.3347,208100
1817,1376,2.4113,214200
5762,2551,3.0723,137300
3807,1821,3.6518,164300
1741,872,3.4219,194500
7538,3450,5.4625,223600
3400,1575,6.0961,295500
4735,2600,5.0764,228600
2058,1208,3.6429,230000
4999,2687,4.2324,142100
1362,698,3.6458,173800
2549,1156,3.3333,374300
676,543,3.2361,187500
1424,632,4.0625,295200
2202,1415,4.43,207700
4183,1886,4.8787,175300
408,302,1.8333,69800
9311,7302,4.419,156900
1444,1177,3.6,164600
1771,1046,4.775,143300
2087,1342,4.2149,199000
1626,677,2.3125,170800
2722,1565,5.1645,164100
1489,743,4.8611,456100
2813,1337,3.7083,252400
3159,1343,2.4805,73200
1503,554,1.6786,126600
567,565,1.8281,62900
7982,6437,4.1279,223900
868,1133,2.0995,87500
2734,1562,3.3906,284100
5323,2493,5.6762,271300
913,508,0.9914,147500
2532,1396,4.0417,114500
5944,2372,3.8819,328900
10235,5271,3.6071,159100
2369,3259,2.1964,158500
3569,1540,5.2998,247200
2563,1363,1.023,54200
1358,586,3.1645,170800
1222,819,3.9118,129400
1493,1144,0.7683,81800
1916,1019,2.4881,87500
12139,5359,3.292,227300
3562,1607,5.0162,283100
3203,1761,4.0911,239700
2373,990,4.175,98300
1525,2510,1.6355,162500
2383,990,3.9688,483300
1482,1059,1.2617,42700
2529,1504,2.9821,115600
2503,1218,5.3683,500001
1979,952,4.0815,216200
2582,2038,3.0877,174200
2641,1167,2.2875,132400
4123,1895,3.2759,195000
2668,1437,3.3125,100000
1860,1123,3.4926,94200
1362,378,1.9,162500
2756,971,5.5871,500001
1354,679,1.7788,97400
1721,1878,2.5363,83900
3038,1501,5.5584,241700
1650,541,6.0238,500001
9559,5279,5.1515,318900
1125,521,2.2188,106300
1907,921,4.875,200400
1299,705,2.8333,103000
1051,455,3.6389,130200
1148,481,5.454,240900
173,401,2.1094,75000
3727,1724,6.1419,327300
3506,1977,2.981,129100
1799,3416,3.0083,163500
1398,788,1.4668,64600
4284,2163,6.1509,315100
2320,1245,3.2465,97200
1404,889,4.0049,190000
3526,1725,5.7812,275000
4201,1667,4.8839,134100
1592,969,6.1576,248700
1472,768,3.4643,160900
1246,637,3.6625,184600
2108,1243,3.6731,167000
1730,1008,3.9408,327700
2017,1388,4.0774,171600
984,1024,2.125,153500
1568,710,2.7042,286600
1308,901,2.8269,98000
1387,638,5.5842,88900
2223,1050,5.2421,444500
1635,870,2.7,88900
2644,2021,3.6467,147500
3442,1427,3.1985,106300
2011,1190,1.8654,89400
1138,964,4.537,185300
1468,1295,3.7708,170600
2284,342,3.0921,87500
3042,1720,2.76,95200
1346,1452,1.7292,191700
1878,937,3.4408,95200
2455,1344,1.9732,69400
3127,3257,4.6333,173600
1338,1765,1.7778,109900
2014,1787,1.5515,54100
1104,669,4.3409,256300
2326,1697,3.8633,187900
2714,1823,3.1281,76200
3435,1761,3.4792,107600
2695,1888,3.2857,213300
4131,2002,3.2929,157500
7722,2975,3.6273,150900
1641,659,6.0884,432900
1034,997,2.6538,231800
2290,1278,3.8393,238200
1656,1110,2.1845,59900
1062,631,4.7386,394100
3277,1382,3.875,366100
2858,1388,3.375,100600
282,213,2.35,91700
1606,862,3.962,345800
1627,565,3.8462,342200
2397,1569,4.21,167900
1076,171,2.125,83900
4519,4818,2.8561,179100
3030,1668,4.625,229600
1477,1065,1.8472,137000
2589,1050,4.0435,132600
965,498,1.6944,75200
6902,3136,2.6509,410000
905,989,2.7014,108200
3153,1679,4.7083,205300
2771,1496,3.4042,353600
3205,1647,3.3681,223900
5992,4826,2.7237,233500
1456,2098,1.8929,99200
596,426,3.0221,214300
3293,1678,3.2941,98300
3144,1095,3.4402,192400
1387,855,5.411,201100
1226,711,4.5699,170800
2867,1774,2.9292,183400
4428,3152,4.7932,166300
1401,607,2.8472,218800
4798,3087,2.127,163300
2181,1041,3.7361,320200
1394,716,1.5132,450000
2170,850,2.9107,500001
2701,1368,4.071,137400
2819,1683,2.3205,87600
4371,1790,6.135,297300
921,434,3.0185,500001
10263,6163,3.8803,120000
1489,700,3.8819,289900
1419,1125,2.5,162000
3490,1710,5.9171,333300
4123,1703,1.9891,500000
1558,793,5.1463,220200
1571,1001,3.6875,111400
1503,690,2.6033,162900
4015,1864,4.3152,159300
3921,2830,4.5053,123700
1712,1036,4.0508,183900
1747,1055,5.898,229100
1165,997,0.9817,166300
4859,3351,3.6875,211900
1156,583,3.1972,100000
2233,919,3.2578,85200
462,261,2.1705,53000
2734,1308,5.9265,227300
1115,1472,3.1392,146200
1178,586,2.6477,43500
2381,1485,4.3898,270000
3675,1553,4.6905,316300
525,627,2.6964,125000
7812,3275,4.3826,146600
1084,920,3.7279,162200
4603,2191,4.5743,382200
1697,1181,1.9234,74600
1989,1401,4.1603,160500
441,390,1.6513,90200
2332,1135,5.5658,331200
1100,940,3.6953,150000
4773,1954,4.3862,184800
3457,1700,3.5164,226500
1893,936,5.1842,157700
2426,1085,5.1523,387800
2722,1164,4.6591,239900
2797,1156,4.3472,500001
1201,733,3.3804,105800
2693,1219,5.17,335400
1478,1735,1.8875,136700
2878,1444,3.1439,192300
1962,1274,4.8304,160600
4059,1700,2.4526,97100
3575,1777,5.7192,283500
5287,2031,5.457,337300
3019,1639,1.5288,103400
943,466,3.1458,116000
3032,1208,5.4683,430900
1062,1026,2.7153,265500
2921,1541,3.6827,264100
3640,3537,3.4784,152200
1560,1467,4.1429,159800
2108,1485,4.0775,241400
4026,2264,3.1327,218100
4329,1913,4.5094,160200
1797,1610,4.2422,237500
1648,1120,2.0042,114200
5455,3015,4.2321,162800
3148,2850,1.9549,221500
1991,804,3.4492,98800
202,75,4.125,216700
943,803,5.2287,191100
3050,2153,3.1103,214100
1193,570,4.4659,237500
1739,938,2.4429,228800
1574,1772,1.8625,90200
1716,1343,2.9688,211400
10239,4210,3.6997,225000
1963,1208,2.5741,73000
2073,826,3.055,224100